{
  "lookAndFeel": {
    // Options are "White, Black, DarkBlue, DarkGreen, DarkCyan, DarkRed, DardMagenta, DarkYellow, Gray, Blue, Green, Cyan, Red, Magenta, Yellow
    "defaultColorForText": "White",
    "HighlightColorForText": "DarkBlue",
    "HighlightColorForText_2": "Yellow",
    "HighlightColorForText_3": "White",
    "HighlightColorForText_4": "White",
    "HighlightColorForText_5": "White",
    "HighlightColorForText_Disabled": "Gray"

  },
  "categories": {
    "listOfCategories": [
      "health",
      "office",
      "learn",
      "chores",
      "fun"
    ]
  },
  "tasks": {
    "statusList": [
      "open",
      "complete",
      "discard",
      "archieve"
    ],
    "defaultStatus": "open",
    "completeStatus" :  "complete"  // the status for the completed tasks
  },
  "journal": {
    "listOfTags": [
      "dailylog",
      "important",
      "achievement",
      "rant",
      "unknown"
    ],
    "defaultTag": "unknown" 
   },

  "defaultExternalEditor": "notepad"
}
